Topology,Routing,Traffic,InjectionRate,Throughput,PacketsInjected,PacketsReceived,AvgTotalLatency,AvgHops
Mesh3D_XYZ,0,uniform_random,0.050,0.024934,15980,15958,12.4806,3.7158
Mesh3D_XYZ,3,uniform_random,0.050,0.024934,15980,15958,12.4806,3.7158
Mesh3D_XYZ,0,transpose,0.050,0.024919,15968,15948,12.6052,3.7650
Mesh3D_XYZ,0,uniform_random,0.100,0.049886,31970,31927,12.6287,3.7624
Mesh3D_XYZ,3,uniform_random,0.150,0.074466,47716,47658,12.6598,3.7538
Mesh3D_XYZ,3,uniform_random,0.200,0.099573,63801,63727,12.7166,3.7582
Mesh3D_XYZ,0,transpose,0.200,0.099572,63806,63726,13.0506,3.8406
Mesh3D_XYZ,0,uniform_random,0.350,0.174795,111998,111869,12.9006,3.7689
Mesh3D_XYZ,0,uniform_random,0.200,0.099573,63801,63727,12.7166,3.7582
Mesh3D_XYZ,0,transpose,0.300,0.149500,95810,95680,14.2556,3.9531
Mesh3D_XYZ,3,uniform_random,0.250,0.124617,79865,79755,12.7655,3.7571
Mesh3D_XYZ,0,transpose,0.450,0.197456,126714,126372,423.0047,3.6326
Mesh3D_XYZ,0,transpose,0.350,0.173991,111536,111354,26.2266,3.9053
Mesh3D_XYZ,3,uniform_random,0.450,0.224431,143788,143636,13.1044,3.8026
Mesh3D_XYZ,3,uniform_random,0.350,0.174795,111998,111869,12.9006,3.7689
Mesh3D_XYZ,3,uniform_random,0.300,0.149928,96060,95954,12.8524,3.7727
Mesh3D_XYZ,3,uniform_random,0.500,0.249006,159529,159364,13.1768,3.8026
Mesh3D_XYZ,3,uniform_random,0.400,0.199536,127850,127703,12.9914,3.7818
Mesh3D_XYZ,0,uniform_random,0.450,0.224431,143788,143636,13.1044,3.8026
Mesh3D_XYZ,0,transpose,0.250,0.124395,79713,79613,13.3954,3.8943
Mesh3D_XYZ,3,uniform_random,0.100,0.049886,31970,31927,12.6287,3.7624
Mesh3D_XYZ,0,transpose,0.400,0.190598,122288,121983,169.8901,3.7787
Mesh3D_XYZ,0,uniform_random,0.500,0.249006,159529,159364,13.1768,3.8026
Mesh3D_XYZ,3,transpose,0.100,0.049852,31948,31905,12.6875,3.7677
Mesh3D_XYZ,0,uniform_random,0.300,0.149928,96060,95954,12.8524,3.7727
Mesh3D_XYZ,0,uniform_random,0.150,0.074466,47716,47658,12.6598,3.7538
Mesh3D_XYZ,0,transpose,0.100,0.049852,31948,31905,12.6875,3.7677
Mesh3D_XYZ,0,transpose,0.150,0.074533,47760,47701,12.8213,3.7885
Mesh3D_XYZ,3,transpose,0.200,0.099572,63806,63726,13.0506,3.8406
Mesh3D_XYZ,0,uniform_random,0.250,0.124617,79865,79755,12.7655,3.7571
Mesh3D_XYZ,4,uniform_random,0.050,0.024934,15980,15958,12.4806,3.7158
Mesh3D_XYZ,0,uniform_random,0.400,0.199536,127850,127703,12.9914,3.7818
Mesh3D_XYZ,3,transpose,0.050,0.024919,15968,15948,12.6052,3.7650
Mesh3D_XYZ,3,transpose,0.300,0.149500,95810,95680,14.2556,3.9531
Mesh3D_XYZ,0,transpose,0.500,0.202931,130247,129876,635.5218,3.5176
Mesh3D_XYZ,4,uniform_random,0.100,0.049886,31970,31927,12.6287,3.7624
Mesh3D_XYZ,3,transpose,0.350,0.173991,111536,111354,26.2266,3.9053
Mesh3D_XYZ,3,transpose,0.450,0.197456,126714,126372,423.0047,3.6326
Mesh3D_XYZ,3,transpose,0.400,0.190598,122288,121983,169.8901,3.7787
Mesh3D_XYZ,4,uniform_random,0.150,0.074466,47716,47658,12.6598,3.7538
Mesh3D_XYZ,3,transpose,0.500,0.202931,130247,129876,635.5218,3.5176
Mesh3D_XYZ,3,transpose,0.150,0.074533,47760,47701,12.8213,3.7885
Mesh3D_XYZ,4,transpose,0.100,0.049852,31948,31905,12.6875,3.7677
Mesh3D_XYZ,4,uniform_random,0.200,0.099573,63801,63727,12.7166,3.7582
Mesh3D_XYZ,4,uniform_random,0.300,0.149928,96060,95954,12.8524,3.7727
Mesh3D_XYZ,4,uniform_random,0.400,0.199536,127850,127703,12.9914,3.7818
Mesh3D_XYZ,4,transpose,0.250,0.124395,79713,79613,13.3954,3.8943
Mesh3D_XYZ,4,uniform_random,0.350,0.174795,111998,111869,12.9006,3.7689
Mesh3D_XYZ,3,transpose,0.250,0.124395,79713,79613,13.3954,3.8943
Mesh3D_XYZ,4,uniform_random,0.250,0.124617,79865,79755,12.7655,3.7571
Mesh3D_XYZ,5,uniform_random,0.050,0.024934,15980,15958,12.4806,3.7158
Mesh3D_XYZ,4,transpose,0.150,0.074533,47760,47701,12.8213,3.7885
Mesh3D_XYZ,4,transpose,0.350,0.173991,111536,111354,26.2266,3.9053
Mesh3D_XYZ,4,transpose,0.050,0.024919,15968,15948,12.6052,3.7650
Mesh3D_XYZ,4,transpose,0.450,0.197456,126714,126372,423.0047,3.6326
Mesh3D_XYZ,5,uniform_random,0.100,0.049886,31970,31927,12.6292,3.7626
Mesh3D_XYZ,5,uniform_random,0.250,0.124617,79865,79755,12.7743,3.7612
Mesh3D_XYZ,5,uniform_random,0.200,0.099573,63801,63727,12.7206,3.7601
Mesh3D_XYZ,5,transpose,0.050,0.024919,15968,15948,12.6062,3.7655
Mesh3D_XYZ,4,uniform_random,0.450,0.224431,143788,143636,13.1044,3.8026
Mesh3D_XYZ,5,uniform_random,0.350,0.174795,111998,111869,12.9193,3.7778
Mesh3D_XYZ,4,transpose,0.500,0.202931,130247,129876,635.5218,3.5176
Mesh3D_XYZ,4,uniform_random,0.500,0.249006,159529,159364,13.1768,3.8026
Mesh3D_XYZ,4,transpose,0.200,0.099572,63806,63726,13.0506,3.8406
Mesh3D_XYZ,4,transpose,0.300,0.149500,95810,95680,14.2556,3.9531
Mesh3D_XYZ,5,uniform_random,0.450,0.224431,143788,143636,13.1421,3.8196
Mesh3D_XYZ,5,uniform_random,0.150,0.074466,47716,47658,12.6626,3.7552
Sparse3D_Pillars,0,uniform_random,0.050,0.024933,15980,15957,13.3352,4.1001
Mesh3D_XYZ,5,uniform_random,0.400,0.199536,127850,127703,13.0152,3.7939
Mesh3D_XYZ,4,transpose,0.400,0.190598,122288,121983,169.8901,3.7787
Mesh3D_XYZ,5,transpose,0.250,0.124394,79713,79612,13.3334,3.9088
Mesh3D_XYZ,5,uniform_random,0.500,0.249005,159529,159363,13.2289,3.8270
Mesh3D_XYZ,5,transpose,0.350,0.174298,111703,111551,15.2077,4.0503
Mesh3D_XYZ,5,uniform_random,0.300,0.149928,96060,95954,12.8666,3.7793
Mesh3D_XYZ,5,transpose,0.200,0.099572,63806,63726,13.0505,3.8508
Sparse3D_Pillars,0,transpose,0.050,0.024919,15968,15948,13.1843,4.0253
Mesh3D_XYZ,5,transpose,0.150,0.074533,47760,47701,12.8308,3.7958
Mesh3D_XYZ,5,transpose,0.400,0.199091,127637,127418,17.8537,4.0578
Mesh3D_XYZ,5,transpose,0.100,0.049852,31948,31905,12.6916,3.7699
Sparse3D_Pillars,0,uniform_random,0.100,0.049881,31970,31924,13.6551,4.1795
Mesh3D_XYZ,5,transpose,0.450,0.223891,143553,143290,20.2912,4.1098
Sparse3D_Pillars,0,transpose,0.100,0.049847,31948,31902,13.4631,4.0772
Sparse3D_Pillars,0,uniform_random,0.400,0.027759,18251,17766,2529.9606,4.5437
Sparse3D_Pillars,0,uniform_random,0.200,0.099556,63801,63716,14.7472,4.3087
Sparse3D_Pillars,0,transpose,0.150,0.074528,47760,47698,14.0613,4.1626
Sparse3D_Pillars,0,uniform_random,0.300,0.032411,21239,20743,2150.8213,4.4837
Sparse3D_Pillars,0,uniform_random,0.500,0.024250,16026,15520,2871.0081,4.6573
Sparse3D_Pillars,0,transpose,0.250,0.117592,75451,75259,187.4589,4.2448
Mesh3D_XYZ,5,transpose,0.500,0.247300,158608,158272,39.9854,4.1484
Sparse3D_Pillars,0,uniform_random,0.250,0.060419,39179,38668,461.4432,4.3749
Mesh3D_XYZ,5,transpose,0.300,0.149503,95810,95682,13.8788,3.9854
Sparse3D_Pillars,0,uniform_random,0.450,0.025167,16596,16107,2528.1486,4.6206
Sparse3D_Pillars,0,transpose,0.300,0.131169,84183,83948,238.0493,4.0425
Sparse3D_Pillars,0,transpose,0.200,0.099552,63806,63713,17.0930,4.3539
Sparse3D_Pillars,0,uniform_random,0.150,0.074461,47716,47655,13.9887,4.2341
Sparse3D_Pillars,0,transpose,0.350,0.138752,89113,88801,371.1091,3.8472
Sparse3D_Pillars,3,uniform_random,0.200,0.099558,63801,63717,14.6503,4.2957
Sparse3D_Pillars,3,uniform_random,0.050,0.024933,15980,15957,13.3305,4.0986
Sparse3D_Pillars,0,transpose,0.450,0.154450,99243,98848,631.7012,3.5735
Sparse3D_Pillars,0,uniform_random,0.350,0.033277,21821,21297,2701.3084,4.4498
Sparse3D_Pillars,0,transpose,0.400,0.146391,94051,93690,518.0402,3.6869
Sparse3D_Pillars,3,uniform_random,0.100,0.049881,31970,31924,13.6420,4.1743
Sparse3D_Pillars,3,uniform_random,0.400,0.029456,19363,18852,2730.6492,4.4838
Sparse3D_Pillars,3,transpose,0.050,0.024919,15968,15948,13.1859,4.0258
Sparse3D_Pillars,3,transpose,0.150,0.074527,47760,47697,13.9917,4.1450
Sparse3D_Pillars,3,uniform_random,0.450,0.026102,17213,16705,2703.8122,4.5887
Sparse3D_Pillars,3,transpose,0.200,0.099555,63806,63715,16.3286,4.3280
Sparse3D_Pillars,3,transpose,0.250,0.118464,76012,75817,175.9916,4.2357
Sparse3D_Pillars,0,transpose,0.500,0.160484,103109,102710,768.5281,3.4650
Sparse3D_Pillars,3,transpose,0.100,0.049847,31948,31902,13.4299,4.0666
Sparse3D_Pillars,3,uniform_random,0.500,0.027241,17944,17434,3339.6939,4.5602
Sparse3D_Pillars,3,uniform_random,0.300,0.029652,19505,18977,1635.8992,4.5443
Sparse3D_Pillars,3,uniform_random,0.150,0.074461,47716,47655,13.9655,4.2288
Sparse3D_Pillars,3,transpose,0.350,0.140780,90413,90099,350.8090,3.8654
Sparse3D_Pillars,4,uniform_random,0.100,0.049881,31970,31924,13.6387,4.1732
Sparse3D_Pillars,4,uniform_random,0.150,0.074461,47716,47655,13.9479,4.2248
Sparse3D_Pillars,3,uniform_random,0.250,0.121275,77813,77616,102.8926,4.3498
Sparse3D_Pillars,3,transpose,0.300,0.131442,84371,84123,252.4252,4.0323
Sparse3D_Pillars,3,transpose,0.400,0.148266,95246,94890,501.7146,3.7029
Sparse3D_Pillars,3,uniform_random,0.350,0.027992,18407,17915,2126.7531,4.5643
Sparse3D_Pillars,4,uniform_random,0.450,0.029092,19128,18619,3276.7015,4.5302
Sparse3D_Pillars,4,transpose,0.100,0.049847,31948,31902,13.4195,4.0645
Sparse3D_Pillars,4,uniform_random,0.050,0.024933,15980,15957,13.3291,4.0979
Sparse3D_Pillars,4,uniform_random,0.350,0.029917,19638,19147,2480.1998,4.4990
Sparse3D_Pillars,4,transpose,0.150,0.074528,47760,47698,13.9322,4.1367
Sparse3D_Pillars,4,uniform_random,0.250,0.045497,29606,29118,1019.6111,4.4453
Sparse3D_Pillars,4,transpose,0.050,0.024919,15968,15948,13.1733,4.0227
Sparse3D_Pillars,5,uniform_random,0.050,0.024933,15980,15957,13.3274,4.0984
Sparse3D_Pillars,5,uniform_random,0.100,0.049881,31970,31924,13.6286,4.1734
Sparse3D_Pillars,3,transpose,0.500,0.162017,104082,103691,770.2329,3.4721
Sparse3D_Pillars,3,transpose,0.450,0.156283,100412,100021,616.9664,3.5815
Sparse3D_Pillars,5,uniform_random,0.150,0.074461,47716,47655,13.9638,4.2369
Sparse3D_Pillars,4,uniform_random,0.300,0.033261,21791,21287,1982.7492,4.4597
Sparse3D_Pillars,4,transpose,0.400,0.148395,95343,94973,498.4124,3.7004
Sparse3D_Pillars,4,uniform_random,0.200,0.099559,63801,63718,14.6374,4.2925
Sparse3D_Pillars,4,transpose,0.500,0.161794,103943,103548,770.8848,3.4748
Sparse3D_Pillars,5,uniform_random,0.200,0.099555,63801,63715,14.5702,4.3222
Sparse3D_Pillars,4,transpose,0.250,0.118258,75883,75685,178.0690,4.2346
Sparse3D_Pillars,4,transpose,0.350,0.140994,90550,90236,353.2934,3.8705
Sparse3D_Pillars,4,transpose,0.200,0.099553,63806,63714,16.0899,4.3143
Sparse3D_Pillars,5,uniform_random,0.300,0.026478,17573,16946,1514.9485,4.8495
Sparse3D_Pillars,4,uniform_random,0.400,0.027459,18085,17574,2280.3719,4.5325
Sparse3D_Pillars,5,uniform_random,0.250,0.122527,78623,78417,76.0196,4.5118
Sparse3D_Pillars,5,uniform_random,0.350,0.028492,18818,18235,2213.8874,4.6806
Sparse3D_Pillars,4,transpose,0.300,0.131823,84626,84367,247.7718,4.0386
Sparse3D_Pillars,4,transpose,0.450,0.156087,100283,99896,623.7778,3.5829
Sparse3D_Pillars,4,uniform_random,0.500,0.025369,16755,16236,2721.4900,4.6295
Sparse3D_Pillars,5,transpose,0.200,0.099552,63806,63713,15.4857,4.3668
Sparse3D_Pillars,5,transpose,0.350,0.117991,75941,75514,539.2762,3.9177
Sparse3D_Pillars,5,transpose,0.250,0.120202,77123,76929,105.0589,4.4744
Sparse3D_Pillars,5,transpose,0.050,0.024919,15968,15948,13.1894,4.0291
Sparse3D_Pillars,5,uniform_random,0.500,0.022514,15011,14409,2985.9866,4.8225
Cluster3D_Hub,0,uniform_random,0.050,0.024933,15980,15957,13.6714,4.2838
Sparse3D_Pillars,5,transpose,0.450,0.138083,88849,88373,718.2018,3.6933
Cluster3D_Hub,0,uniform_random,0.100,0.049881,31970,31924,13.9230,4.3511
Sparse3D_Pillars,5,transpose,0.400,0.129069,83091,82604,615.7708,3.7788
Sparse3D_Pillars,5,uniform_random,0.450,0.022573,15054,14447,2307.0040,4.8472
Sparse3D_Pillars,5,transpose,0.100,0.049847,31948,31902,13.4613,4.0838
Sparse3D_Pillars,5,transpose,0.150,0.074527,47760,47697,13.9756,4.1853
Sparse3D_Pillars,5,uniform_random,0.400,0.027584,18231,17654,2434.5031,4.6767
Cluster3D_Hub,0,transpose,0.050,0.024919,15968,15948,13.6359,4.2700
Sparse3D_Pillars,5,transpose,0.300,0.103819,66869,66444,542.6229,4.0746
Cluster3D_Hub,0,uniform_random,0.250,0.124588,79865,79736,15.0235,4.5402
Cluster3D_Hub,0,transpose,0.100,0.049847,31948,31902,13.8206,4.3110
Cluster3D_Hub,0,transpose,0.150,0.074523,47760,47695,14.1678,4.4029
Cluster3D_Hub,0,transpose,0.200,0.099556,63806,63716,14.8269,4.5306
Cluster3D_Hub,0,uniform_random,0.450,0.042059,27554,26918,1779.4143,4.9255
Sparse3D_Pillars,5,transpose,0.500,0.141109,90813,90310,782.9498,3.5519
Cluster3D_Hub,0,uniform_random,0.400,0.040386,26379,25847,2157.6165,5.0313
Cluster3D_Hub,0,uniform_random,0.150,0.074453,47716,47650,14.1561,4.4010
Cluster3D_Hub,0,transpose,0.250,0.124336,79713,79575,22.9398,4.5757
Cluster3D_Hub,0,uniform_random,0.200,0.099561,63801,63719,14.5247,4.4817
Cluster3D_Hub,3,uniform_random,0.150,0.074453,47716,47650,14.1561,4.4010
Cluster3D_Hub,0,uniform_random,0.500,0.039333,25725,25173,2307.9794,4.9431
Cluster3D_Hub,0,uniform_random,0.300,0.149856,96060,95908,16.3864,4.5580
Cluster3D_Hub,0,uniform_random,0.350,0.049294,32083,31548,928.1657,4.8955
Cluster3D_Hub,3,uniform_random,0.250,0.124588,79865,79736,15.0235,4.5402
Cluster3D_Hub,0,transpose,0.500,0.177016,113734,113290,949.8046,3.9318
Cluster3D_Hub,3,transpose,0.100,0.049847,31948,31902,13.8206,4.3110
Cluster3D_Hub,3,uniform_random,0.300,0.149856,96060,95908,16.3864,4.5580
Cluster3D_Hub,0,transpose,0.400,0.158495,101853,101437,725.8628,4.1305
Cluster3D_Hub,3,uniform_random,0.050,0.024933,15980,15957,13.6714,4.2838
Cluster3D_Hub,3,uniform_random,0.100,0.049881,31970,31924,13.9230,4.3511
Cluster3D_Hub,3,transpose,0.200,0.099556,63806,63716,14.8269,4.5306
Cluster3D_Hub,0,transpose,0.300,0.138545,89001,88669,267.2260,4.3739
Cluster3D_Hub,3,uniform_random,0.500,0.039333,25725,25173,2307.9794,4.9431
Cluster3D_Hub,4,uniform_random,0.100,0.049881,31970,31924,13.9230,4.3511
Cluster3D_Hub,3,transpose,0.050,0.024919,15968,15948,13.6359,4.2700
Cluster3D_Hub,3,uniform_random,0.400,0.040386,26379,25847,2157.6165,5.0313
Cluster3D_Hub,0,transpose,0.350,0.148323,95315,94927,542.9492,4.2458
Cluster3D_Hub,3,transpose,0.300,0.138545,89001,88669,267.2260,4.3739
Cluster3D_Hub,3,uniform_random,0.200,0.099561,63801,63719,14.5247,4.4817
Cluster3D_Hub,3,transpose,0.250,0.124336,79713,79575,22.9398,4.5757
Cluster3D_Hub,3,transpose,0.350,0.148323,95315,94927,542.9492,4.2458
Cluster3D_Hub,3,transpose,0.400,0.158495,101853,101437,725.8628,4.1305
Cluster3D_Hub,3,uniform_random,0.350,0.049294,32083,31548,928.1657,4.8955
Cluster3D_Hub,4,uniform_random,0.200,0.099561,63801,63719,14.5247,4.4817
Cluster3D_Hub,3,uniform_random,0.450,0.042059,27554,26918,1779.4143,4.9255
Cluster3D_Hub,0,transpose,0.450,0.168244,108109,107676,853.6408,4.0144
Cluster3D_Hub,3,transpose,0.150,0.074523,47760,47695,14.1678,4.4029
Cluster3D_Hub,4,uniform_random,0.150,0.074453,47716,47650,14.1561,4.4010
Cluster3D_Hub,3,transpose,0.450,0.168244,108109,107676,853.6408,4.0144
Cluster3D_Hub,3,transpose,0.500,0.177016,113734,113290,949.8046,3.9318
Cluster3D_Hub,4,uniform_random,0.300,0.149856,96060,95908,16.3864,4.5580
Cluster3D_Hub,4,uniform_random,0.050,0.024933,15980,15957,13.6714,4.2838
Cluster3D_Hub,4,transpose,0.100,0.049847,31948,31902,13.8206,4.3110
Cluster3D_Hub,4,uniform_random,0.450,0.042059,27554,26918,1779.4143,4.9255
Cluster3D_Hub,4,transpose,0.250,0.124336,79713,79575,22.9398,4.5757
Cluster3D_Hub,5,uniform_random,0.050,0.024933,15980,15957,13.6716,4.2840
Cluster3D_Hub,4,uniform_random,0.500,0.039333,25725,25173,2307.9794,4.9431
Cluster3D_Hub,4,uniform_random,0.400,0.040386,26379,25847,2157.6165,5.0313
Cluster3D_Hub,4,transpose,0.300,0.138545,89001,88669,267.2260,4.3739
Cluster3D_Hub,5,uniform_random,0.200,0.099561,63801,63719,14.5283,4.4842
Cluster3D_Hub,4,transpose,0.350,0.148323,95315,94927,542.9492,4.2458
Cluster3D_Hub,4,uniform_random,0.250,0.124588,79865,79736,15.0235,4.5402
Cluster3D_Hub,5,uniform_random,0.300,0.149867,96060,95915,16.3440,4.5732
Cluster3D_Hub,5,uniform_random,0.250,0.124591,79865,79738,15.0199,4.5423
Cluster3D_Hub,4,uniform_random,0.350,0.049294,32083,31548,928.1657,4.8955
Cluster3D_Hub,4,transpose,0.050,0.024919,15968,15948,13.6359,4.2700
Cluster3D_Hub,5,transpose,0.100,0.049847,31948,31902,13.8228,4.3119
Cluster3D_Hub,5,transpose,0.150,0.074523,47760,47695,14.1720,4.4064
Cluster3D_Hub,4,transpose,0.150,0.074523,47760,47695,14.1678,4.4029
Cluster3D_Hub,5,uniform_random,0.100,0.049881,31970,31924,13.9235,4.3513
Cluster3D_Hub,5,transpose,0.200,0.099556,63806,63716,14.8203,4.5376
Hier3D_Chiplet,0,uniform_random,0.050,0.024931,15980,15956,13.4840,4.1767
Cluster3D_Hub,4,transpose,0.500,0.177016,113734,113290,949.8046,3.9318
Cluster3D_Hub,5,uniform_random,0.150,0.074453,47716,47650,14.1568,4.4017
Cluster3D_Hub,4,transpose,0.200,0.099556,63806,63716,14.8269,4.5306
Cluster3D_Hub,5,transpose,0.250,0.124341,79713,79578,18.3528,4.6422
Cluster3D_Hub,5,uniform_random,0.500,0.020736,14053,13271,2409.1692,5.4260
Hier3D_Chiplet,0,uniform_random,0.250,0.124602,79865,79745,14.5379,4.2507
Hier3D_Chiplet,0,uniform_random,0.200,0.099552,63801,63713,14.1289,4.2350
Cluster3D_Hub,5,transpose,0.050,0.024919,15968,15948,13.6360,4.2701
Hier3D_Chiplet,0,uniform_random,0.150,0.074450,47716,47648,13.8491,4.2118
Hier3D_Chiplet,0,transpose,0.050,0.024919,15968,15948,13.1308,4.0046
Hier3D_Chiplet,0,uniform_random,0.300,0.149870,96060,95917,15.8391,4.2838
Cluster3D_Hub,5,transpose,0.300,0.148736,95486,95191,43.9652,4.7032
Hier3D_Chiplet,0,uniform_random,0.350,0.152933,98169,97877,308.0380,4.2033
Cluster3D_Hub,4,transpose,0.400,0.158495,101853,101437,725.8628,4.1305
Cluster3D_Hub,5,transpose,0.400,0.147777,95195,94577,714.2850,4.1904
Cluster3D_Hub,5,transpose,0.450,0.156703,100882,100290,677.7958,4.1022
Cluster3D_Hub,5,transpose,0.350,0.144503,93032,92482,486.2495,4.3409
Cluster3D_Hub,4,transpose,0.450,0.168244,108109,107676,853.6408,4.0144
Hier3D_Chiplet,0,uniform_random,0.500,0.083650,54026,53536,2081.9381,4.2158
Hier3D_Chiplet,0,transpose,0.200,0.099548,63806,63711,14.0618,4.1022
Hier3D_Chiplet,0,uniform_random,0.100,0.049889,31970,31929,13.7007,4.2167
Hier3D_Chiplet,0,transpose,0.100,0.049845,31948,31901,13.2865,4.0140
Cluster3D_Hub,5,transpose,0.500,0.166744,107312,106716,848.5062,4.0500
Hier3D_Chiplet,0,transpose,0.150,0.074520,47760,47693,13.5641,4.0516
Hier3D_Chiplet,0,transpose,0.250,0.124347,79713,79582,15.6518,4.1228
Cluster3D_Hub,5,uniform_random,0.400,0.020913,14184,13384,2260.7921,5.4373
Hier3D_Chiplet,3,uniform_random,0.100,0.049889,31970,31929,13.6954,4.2144
Hier3D_Chiplet,0,uniform_random,0.400,0.116222,74784,74382,1222.0709,4.1512
Cluster3D_Hub,5,uniform_random,0.350,0.030620,20390,19597,1049.0752,5.1184
Cluster3D_Hub,5,uniform_random,0.450,0.020823,14107,13327,2029.6409,5.3903
Hier3D_Chiplet,3,uniform_random,0.150,0.074453,47716,47650,13.8381,4.2070
Hier3D_Chiplet,3,uniform_random,0.050,0.024931,15980,15956,13.4831,4.1766
Hier3D_Chiplet,3,uniform_random,0.250,0.124597,79865,79742,14.4586,4.2391
Hier3D_Chiplet,0,transpose,0.300,0.143097,91843,91582,165.5509,4.0286
Hier3D_Chiplet,3,transpose,0.100,0.049847,31948,31902,13.2694,4.0104
Hier3D_Chiplet,3,uniform_random,0.200,0.099552,63801,63713,14.1055,4.2285
Hier3D_Chiplet,0,uniform_random,0.450,0.091662,59172,58664,2072.9465,4.1591
Hier3D_Chiplet,3,transpose,0.050,0.024917,15968,15947,13.1259,4.0029
Hier3D_Chiplet,3,transpose,0.150,0.074520,47760,47693,13.5039,4.0429
Hier3D_Chiplet,0,transpose,0.350,0.153183,98368,98037,383.7444,3.9127
Hier3D_Chiplet,0,transpose,0.400,0.159652,102564,102177,615.9657,3.8262
Hier3D_Chiplet,0,transpose,0.450,0.164317,105573,105163,805.6456,3.7521
Hier3D_Chiplet,3,transpose,0.250,0.124361,79713,79591,14.8448,4.1248
Hier3D_Chiplet,3,uniform_random,0.350,0.165017,105938,105611,171.7806,4.2466
Hier3D_Chiplet,3,uniform_random,0.400,0.165908,106587,106181,558.3666,4.1805
Hier3D_Chiplet,3,transpose,0.300,0.144261,92564,92327,134.1694,4.0467
Hier3D_Chiplet,3,uniform_random,0.500,0.155466,99991,99498,1385.9871,4.1853
Hier3D_Chiplet,3,transpose,0.400,0.157431,101133,100756,615.7768,3.8575
Hier3D_Chiplet,4,uniform_random,0.100,0.049889,31970,31929,13.6975,4.2152
Hier3D_Chiplet,0,transpose,0.500,0.170241,109379,108954,972.5532,3.6784
Hier3D_Chiplet,3,uniform_random,0.300,0.149866,96060,95914,15.4270,4.2701
Hier3D_Chiplet,3,transpose,0.450,0.161988,104075,103672,791.8795,3.7858
Hier3D_Chiplet,3,transpose,0.200,0.099553,63806,63714,13.9112,4.0907
Hier3D_Chiplet,4,uniform_random,0.150,0.074453,47716,47650,13.8413,4.2074
Hier3D_Chiplet,4,uniform_random,0.050,0.024931,15980,15956,13.4855,4.1770
Hier3D_Chiplet,4,uniform_random,0.250,0.124592,79865,79739,14.4718,4.2404
Hier3D_Chiplet,3,transpose,0.350,0.152755,98083,97763,381.7328,3.9488
Hier3D_Chiplet,4,transpose,0.050,0.024917,15968,15947,13.1196,4.0034
Hier3D_Chiplet,3,uniform_random,0.450,0.149281,96064,95540,1417.8167,4.1998
Hier3D_Chiplet,4,transpose,0.100,0.049847,31948,31902,13.2559,4.0103
Hier3D_Chiplet,4,transpose,0.150,0.074522,47760,47694,13.4850,4.0440
Hier3D_Chiplet,4,uniform_random,0.450,0.148736,95679,95191,1056.4922,4.2126
Hier3D_Chiplet,4,transpose,0.300,0.146308,93849,93637,100.9743,4.0687
Hier3D_Chiplet,5,uniform_random,0.150,0.074453,47716,47650,13.8636,4.2201
Hier3D_Chiplet,4,uniform_random,0.500,0.141423,91013,90511,1601.1194,4.2116
Hier3D_Chiplet,4,transpose,0.350,0.156684,100572,100278,289.3776,3.9459
Hier3D_Chiplet,4,uniform_random,0.200,0.099552,63801,63713,14.1114,4.2300
Hier3D_Chiplet,3,transpose,0.500,0.167531,107658,107220,945.6029,3.7152
Hier3D_Chiplet,4,transpose,0.400,0.164980,105934,105587,441.2026,3.8373
Hier3D_Chiplet,5,uniform_random,0.200,0.099548,63801,63711,14.1685,4.2553
Hier3D_Chiplet,5,uniform_random,0.100,0.049889,31970,31929,13.7070,4.2200
Hier3D_Chiplet,5,uniform_random,0.050,0.024931,15980,15956,13.4828,4.1776
Hier3D_Chiplet,5,uniform_random,0.250,0.124597,79865,79742,14.5828,4.2884
Hier3D_Chiplet,4,transpose,0.200,0.099556,63806,63716,13.8730,4.0905
Hier3D_Chiplet,4,uniform_random,0.300,0.149881,96060,95924,15.5410,4.2755
Hier3D_Chiplet,4,transpose,0.250,0.124350,79713,79584,14.7376,4.1264
Hier3D_Chiplet,4,uniform_random,0.350,0.163686,105076,104759,186.5499,4.2408
Hier3D_Chiplet,5,transpose,0.050,0.024919,15968,15948,13.1378,4.0054
Hier3D_Chiplet,4,uniform_random,0.400,0.153492,98647,98235,725.2087,4.1873
Hier3D_Chiplet,5,uniform_random,0.350,0.164742,105690,105435,211.3985,4.4696
Hier3D_Chiplet,5,transpose,0.100,0.049847,31948,31902,13.3061,4.0219
Hier3D_Chiplet,5,uniform_random,0.400,0.157575,101286,100848,494.0311,4.4432
Hier3D_Chiplet,5,uniform_random,0.300,0.149869,96060,95916,15.7490,4.3571
Hier3D_Chiplet,5,transpose,0.150,0.074519,47760,47692,13.5832,4.0684
Hier3D_Chiplet,4,transpose,0.450,0.173052,111130,110753,560.9714,3.7438
Hier3D_Chiplet,4,transpose,0.500,0.175531,112757,112340,729.1660,3.7109
Hier3D_Chiplet,5,transpose,0.200,0.099558,63806,63717,14.0769,4.1403
Hier3D_Chiplet,5,transpose,0.300,0.145520,93405,93133,120.1973,4.3487
Hier3D_Chiplet,5,transpose,0.250,0.124347,79713,79582,15.4058,4.2210
Hier3D_Chiplet,5,uniform_random,0.450,0.137669,88620,88108,977.5340,4.4765
Hier3D_Chiplet,5,uniform_random,0.500,0.145369,93583,93036,1179.5917,4.4364
Hier3D_Chiplet,5,transpose,0.350,0.154141,98998,98650,373.1888,4.2741
Hier3D_Chiplet,5,transpose,0.400,0.155200,99738,99328,492.4710,4.0753
Hier3D_Chiplet,5,transpose,0.450,0.159184,102324,101878,597.0751,3.9305
Hier3D_Chiplet,5,transpose,0.500,0.163234,104939,104470,663.6709,3.8070
